segmentsi,segmentsi_kfold_target_enc
bumn,850129.1701190065
beton rmx,867314.8909775575
cpm & kontraktor,888845.7506485885
