packaging_mode,packaging_mode_kfold_target_enc
bag,1301428.5714285714
bulk,867293.9618622537
jumbo bag,1137203.565216091
