cluster,cluster_kfold_target_enc
bronze,885884.7343091028
gold,848908.3059385916
platinum,848842.5663081142
silver,897450.744785614
