,cluster,cluster_kfold_target_enc
0,bronze,279459.95491835824
1,gold,738805.1839877068
2,platinum,1037632.7879083545
3,silver,340660.25787105755
