,packaging_mode,packaging_mode_kfold_target_enc
0,bag,5333.333333333335
1,bulk,540686.6797848508
2,jumbo bag,75620.53672442991
