,material_type,material_type_kfold_target_enc
0,opc premium,641837.5241787223
1,opc reguler,525154.0209134993
2,pcc,132272.6660069147
3,pcc premium,318652.94085883925
4,putih,114800.0
5,type v,23583.0
