,segmentsi,segmentsi_kfold_target_enc
0,bumn,941753.4442228569
1,beton rmx,298679.2103328304
2,cpm & kontraktor,626222.7441832194
