brand_name,brand_name_kfold_target_enc
ANDALAS,6212.629819151686
DYNAMIX,2930.3509192375177
MASONRY,177.01830328813526
POWERMAX,60.6275514446943
SG,4344.307037297527
SP,2970.228381492408
ST,2488.474293025962
