kemasan,kemasan_kfold_target_enc
40 KG,3384.373594388396
50 KG,2775.9901075371263
